number,Year,Season,Day of week,Station,Market Share_total,Number
0.0,2016.0,Winter,Monday,V Total,2109.1000000000004,468.0
1.0,2018.0,Winter,Monday,SRC Total,6978.6,694.0
2.0,2018.0,Winter,Monday,TVA Total,9111.300000000008,437.0
3.0,2018.0,Winter,Monday,TQ Total,2834.8999999999983,819.0
4.0,2018.0,Winter,Monday,RDS+,535.5000000000002,331.0
5.0,2018.0,Winter,Monday,"MusiquePlus+ (retired Aug 25, 2019)",562.8000000000004,629.0
6.0,2018.0,Winter,Monday,Meteomedia+,92.29999999999995,204.0
7.0,2018.0,Winter,Monday,RDS2+,142.2,284.0
8.0,2018.0,Winter,Monday,LCN+,1706.1,340.0
9.0,2018.0,Winter,Monday,TV5+,669.9999999999997,591.0
10.0,2018.0,Winter,Monday,Canal Vie+,797.2000000000011,494.0
11.0,2018.0,Winter,Monday,Evasion+,302.9999999999997,448.0
12.0,2018.0,Winter,Monday,Historia+,950.6000000000004,531.0
13.0,2018.0,Winter,Monday,MAX+,711.9000000000003,561.0
14.0,2018.0,Winter,Monday,RDI+,2730.2000000000007,768.0
15.0,2018.0,Winter,Monday,Series++,1736.3999999999996,422.0
16.0,2018.0,Winter,Monday,Z+,747.7000000000004,586.0
17.0,2018.0,Winter,Monday,Teletoon Fr.+,2084.0999999999995,1128.0
18.0,2018.0,Winter,Monday,Canal D+,1003.5999999999998,520.0
19.0,2018.0,Winter,Monday,VRAK+,288.29999999999995,458.0
20.0,2018.0,Winter,Monday,Unis TV+,227.1999999999997,873.0
21.0,2018.0,Winter,Monday,ARTV+,467.29999999999967,431.0
22.0,2018.0,Winter,Tuesday,V Total,1978.5000000000023,463.0
23.0,2018.0,Winter,Tuesday,SRC Total,7096.799999999994,714.0
24.0,2018.0,Winter,Tuesday,TVA Total,8378.2,424.0
25.0,2018.0,Winter,Tuesday,TQ Total,3083.5000000000045,846.0
26.0,2018.0,Winter,Tuesday,RDS+,646.0000000000008,311.0
27.0,2018.0,Winter,Tuesday,"MusiquePlus+ (retired Aug 25, 2019)",726.7000000000003,610.0
28.0,2018.0,Winter,Tuesday,Meteomedia+,90.30000000000007,204.0
29.0,2018.0,Winter,Tuesday,RDS2+,208.09999999999988,366.0
30.0,2018.0,Winter,Tuesday,LCN+,1711.2999999999997,335.0
31.0,2018.0,Winter,Tuesday,TV5+,740.0000000000002,609.0
32.0,2018.0,Winter,Tuesday,Canal Vie+,935.4999999999993,499.0
33.0,2018.0,Winter,Tuesday,Evasion+,300.1,440.0
34.0,2018.0,Winter,Tuesday,Historia+,1351.6000000000004,592.0
35.0,2018.0,Winter,Tuesday,MAX+,625.5000000000001,510.0
36.0,2018.0,Winter,Tuesday,RDI+,2743.9999999999973,792.0
37.0,2018.0,Winter,Tuesday,Series++,1883.2000000000007,422.0
38.0,2018.0,Winter,Tuesday,Z+,663.0000000000002,578.0
39.0,2018.0,Winter,Tuesday,Teletoon Fr.+,1690.1999999999985,1079.0
40.0,2018.0,Winter,Tuesday,Canal D+,964.5000000000001,478.0
41.0,2018.0,Winter,Tuesday,VRAK+,362.29999999999984,466.0
42.0,2018.0,Winter,Tuesday,Unis TV+,243.39999999999935,942.0
43.0,2018.0,Winter,Tuesday,ARTV+,566.0999999999998,462.0
44.0,2018.0,Winter,Wednesday,V Total,2040.3999999999994,455.0
45.0,2018.0,Winter,Wednesday,SRC Total,6809.299999999998,715.0
46.0,2018.0,Winter,Wednesday,TVA Total,9089.300000000003,456.0
47.0,2018.0,Winter,Wednesday,TQ Total,3100.299999999998,868.0
48.0,2018.0,Winter,Wednesday,RDS+,540.9000000000005,370.0
49.0,2018.0,Winter,Wednesday,"MusiquePlus+ (retired Aug 25, 2019)",715.8000000000008,540.0
50.0,2018.0,Winter,Wednesday,Meteomedia+,99.69999999999996,204.0
51.0,2018.0,Winter,Wednesday,RDS2+,196.99999999999977,367.0
52.0,2018.0,Winter,Wednesday,LCN+,1813.0000000000005,334.0
53.0,2018.0,Winter,Wednesday,TV5+,719.5999999999996,610.0
54.0,2018.0,Winter,Wednesday,Canal Vie+,933.7999999999997,505.0
55.0,2018.0,Winter,Wednesday,Evasion+,210.9999999999998,435.0
56.0,2018.0,Winter,Wednesday,Historia+,1159.0000000000016,672.0
57.0,2018.0,Winter,Wednesday,MAX+,701.8999999999994,527.0
58.0,2018.0,Winter,Wednesday,RDI+,2907.2000000000007,798.0
59.0,2018.0,Winter,Wednesday,Series++,1902.2,406.0
60.0,2018.0,Winter,Wednesday,Z+,633.9000000000001,598.0
61.0,2018.0,Winter,Wednesday,Teletoon Fr.+,1625.5999999999992,1095.0
62.0,2018.0,Winter,Wednesday,Canal D+,814.3999999999995,501.0
63.0,2018.0,Winter,Wednesday,VRAK+,317.79999999999995,500.0
64.0,2018.0,Winter,Wednesday,Unis TV+,304.0000000000001,920.0
65.0,2018.0,Winter,Wednesday,ARTV+,653.5000000000003,458.0
66.0,2018.0,Winter,Thursday,V Total,2136.200000000002,451.0
67.0,2018.0,Winter,Thursday,SRC Total,6935.1999999999925,710.0
68.0,2018.0,Winter,Thursday,TVA Total,8175.5999999999985,432.0
69.0,2018.0,Winter,Thursday,TQ Total,3156.8999999999983,865.0
70.0,2018.0,Winter,Thursday,RDS+,665.8000000000012,345.0
71.0,2018.0,Winter,Thursday,"MusiquePlus+ (retired Aug 25, 2019)",687.0999999999997,529.0
72.0,2018.0,Winter,Thursday,Meteomedia+,103.69999999999987,204.0
73.0,2018.0,Winter,Thursday,RDS2+,196.8999999999997,382.0
74.0,2018.0,Winter,Thursday,LCN+,1887.4000000000003,334.0
75.0,2018.0,Winter,Thursday,TV5+,724.7999999999998,599.0
76.0,2018.0,Winter,Thursday,Canal Vie+,894.5000000000011,511.0
77.0,2018.0,Winter,Thursday,Evasion+,286.2000000000002,449.0
78.0,2018.0,Winter,Thursday,Historia+,934.3999999999999,620.0
79.0,2018.0,Winter,Thursday,MAX+,765.6999999999999,545.0
80.0,2018.0,Winter,Thursday,RDI+,2843.8,765.0
81.0,2018.0,Winter,Thursday,Series++,1438.0999999999997,450.0
82.0,2018.0,Winter,Thursday,Z+,766.0000000000007,557.0
83.0,2018.0,Winter,Thursday,Teletoon Fr.+,1792.400000000004,1082.0
84.0,2018.0,Winter,Thursday,Canal D+,859.6000000000003,506.0
85.0,2018.0,Winter,Thursday,VRAK+,355.29999999999956,475.0
86.0,2018.0,Winter,Thursday,Unis TV+,367.7000000000006,886.0
87.0,2018.0,Winter,Thursday,ARTV+,700.9000000000003,483.0
88.0,2018.0,Winter,Friday,V Total,2044.900000000002,436.0
89.0,2018.0,Winter,Friday,SRC Total,5771.899999999998,683.0
90.0,2018.0,Winter,Friday,TVA Total,8601.100000000013,437.0
91.0,2018.0,Winter,Friday,TQ Total,3264.499999999996,827.0
92.0,2018.0,Winter,Friday,RDS+,552.5000000000001,348.0
93.0,2018.0,Winter,Friday,"MusiquePlus+ (retired Aug 25, 2019)",642.1000000000013,584.0
94.0,2018.0,Winter,Friday,Meteomedia+,83.49999999999994,204.0
95.0,2018.0,Winter,Friday,RDS2+,234.7999999999998,371.0
96.0,2018.0,Winter,Friday,LCN+,1545.4999999999995,308.0
97.0,2018.0,Winter,Friday,TV5+,683.6999999999994,615.0
98.0,2018.0,Winter,Friday,Canal Vie+,1073.4000000000008,531.0
99.0,2018.0,Winter,Friday,Evasion+,321.3,435.0
100.0,2018.0,Winter,Friday,Historia+,1326.8000000000002,604.0
101.0,2018.0,Winter,Friday,MAX+,909.3000000000003,551.0
102.0,2018.0,Winter,Friday,RDI+,2777.699999999997,793.0
103.0,2018.0,Winter,Friday,Series++,1451.6000000000001,412.0
104.0,2018.0,Winter,Friday,Z+,673.0000000000002,608.0
105.0,2018.0,Winter,Friday,Teletoon Fr.+,1934.1000000000013,1051.0
106.0,2018.0,Winter,Friday,Canal D+,806.8999999999993,466.0
107.0,2018.0,Winter,Friday,VRAK+,292.39999999999975,457.0
108.0,2018.0,Winter,Friday,Unis TV+,347.2000000000003,1016.0
109.0,2018.0,Winter,Friday,ARTV+,736.2000000000004,459.0
110.0,2018.0,Winter,Saturday,V Total,1442.7999999999995,329.0
111.0,2018.0,Winter,Saturday,SRC Total,6223.800000000004,755.0
112.0,2018.0,Winter,Saturday,TVA Total,5741.900000000002,359.0
113.0,2018.0,Winter,Saturday,TQ Total,4140.799999999998,786.0
114.0,2018.0,Winter,Saturday,RDS+,530.2000000000003,321.0
115.0,2018.0,Winter,Saturday,"MusiquePlus+ (retired Aug 25, 2019)",470.10000000000036,558.0
116.0,2018.0,Winter,Saturday,Meteomedia+,73.49999999999996,204.0
117.0,2018.0,Winter,Saturday,RDS2+,274.1999999999998,386.0
118.0,2018.0,Winter,Saturday,LCN+,1770.6000000000004,431.0
119.0,2018.0,Winter,Saturday,TV5+,537.9000000000002,551.0
120.0,2018.0,Winter,Saturday,Canal Vie+,1195.6999999999991,575.0
121.0,2018.0,Winter,Saturday,Evasion+,288.69999999999993,451.0
122.0,2018.0,Winter,Saturday,Historia+,1518.0000000000014,682.0
123.0,2018.0,Winter,Saturday,MAX+,602.7999999999998,378.0
124.0,2018.0,Winter,Saturday,RDI+,2046.6000000000001,772.0
125.0,2018.0,Winter,Saturday,Series++,1359.5999999999983,421.0
126.0,2018.0,Winter,Saturday,Z+,704.7,584.0
127.0,2018.0,Winter,Saturday,Teletoon Fr.+,2078.200000000001,1110.0
128.0,2018.0,Winter,Saturday,Canal D+,1122.7000000000003,521.0
129.0,2018.0,Winter,Saturday,VRAK+,181.29999999999976,396.0
130.0,2018.0,Winter,Saturday,Unis TV+,352.8999999999999,868.0
131.0,2018.0,Winter,Saturday,ARTV+,403.2999999999997,443.0
132.0,2018.0,Winter,Sunday,V Total,1529.6999999999996,336.0
133.0,2018.0,Winter,Sunday,SRC Total,5826.799999999999,625.0
134.0,2018.0,Winter,Sunday,TVA Total,7055.9000000000015,350.0
135.0,2018.0,Winter,Sunday,TQ Total,3756.7999999999975,740.0
136.0,2018.0,Winter,Sunday,RDS+,762.8000000000003,395.0
137.0,2018.0,Winter,Sunday,"MusiquePlus+ (retired Aug 25, 2019)",499.80000000000064,597.0
138.0,2018.0,Winter,Sunday,Meteomedia+,73.39999999999996,204.0
139.0,2018.0,Winter,Sunday,RDS2+,190.69999999999985,337.0
140.0,2018.0,Winter,Sunday,LCN+,1525.6999999999996,430.0
141.0,2018.0,Winter,Sunday,TV5+,559.9999999999999,567.0
142.0,2018.0,Winter,Sunday,Canal Vie+,1109.8000000000004,576.0
143.0,2018.0,Winter,Sunday,Evasion+,218.19999999999965,441.0
144.0,2018.0,Winter,Sunday,Historia+,935.1000000000001,565.0
145.0,2018.0,Winter,Sunday,MAX+,521.8000000000002,459.0
146.0,2018.0,Winter,Sunday,RDI+,2019.299999999999,735.0
147.0,2018.0,Winter,Sunday,Series++,1344.0,420.0
148.0,2018.0,Winter,Sunday,Z+,661.5000000000009,585.0
149.0,2018.0,Winter,Sunday,Teletoon Fr.+,2122.6000000000004,1138.0
150.0,2018.0,Winter,Sunday,Canal D+,1176.7999999999993,539.0
151.0,2018.0,Winter,Sunday,VRAK+,212.29999999999993,428.0
152.0,2018.0,Winter,Sunday,Unis TV+,258.89999999999935,930.0
153.0,2018.0,Winter,Sunday,ARTV+,309.7000000000001,456.0
154.0,2018.0,Winter,Wednesday,PYC Online Stream Fr CBC-8+,0.0,144.0
155.0,2018.0,Winter,Wednesday,PYC Online Stream Fr CBC-9+,0.0,144.0
156.0,2018.0,Winter,Thursday,PYC Online Stream Fr CBC-8+,0.0,144.0
157.0,2018.0,Winter,Thursday,PYC Online Stream Fr CBC-9+,0.0,144.0
158.0,2018.0,Winter,Friday,PYC Online Stream Fr CBC-8+,0.0,144.0
159.0,2018.0,Winter,Friday,PYC Online Stream Fr CBC-9+,0.0,144.0
160.0,2018.0,Winter,Saturday,PYC Online Stream Fr CBC-8+,0.0,144.0
161.0,2018.0,Winter,Saturday,PYC Online Stream Fr CBC-9+,0.0,144.0
162.0,2018.0,Winter,Sunday,PYC Online Stream Fr CBC-8+,0.2,144.0
163.0,2018.0,Winter,Sunday,PYC Online Stream Fr CBC-9+,1.9,144.0
164.0,2018.0,Winter,Monday,PYC Online Stream Fr CBC-8+,0.0,96.0
165.0,2018.0,Winter,Monday,PYC Online Stream Fr CBC-9+,0.4,96.0
166.0,2018.0,Winter,Tuesday,PYC Online Stream Fr CBC-8+,0.0,96.0
167.0,2018.0,Winter,Tuesday,PYC Online Stream Fr CBC-9+,0.0,96.0
168.0,2018.0,Spring,Monday,V Total,840.3000000000004,174.0
169.0,2018.0,Spring,Monday,SRC Total,2021.1000000000004,294.0
170.0,2018.0,Spring,Monday,TVA Total,3239.5,160.0
171.0,2018.0,Spring,Monday,TQ Total,947.5999999999992,295.0
172.0,2018.0,Spring,Monday,RDS+,77.49999999999996,103.0
173.0,2018.0,Spring,Monday,"MusiquePlus+ (retired Aug 25, 2019)",189.2999999999999,223.0
174.0,2018.0,Spring,Monday,Meteomedia+,22.700000000000006,72.0
175.0,2018.0,Spring,Monday,RDS2+,38.60000000000001,101.0
176.0,2018.0,Spring,Monday,LCN+,751.6000000000001,115.0
177.0,2018.0,Spring,Monday,TV5+,252.59999999999994,208.0
178.0,2018.0,Spring,Monday,Canal Vie+,637.7000000000002,186.0
179.0,2018.0,Spring,Monday,Evasion+,78.90000000000003,153.0
180.0,2018.0,Spring,Monday,Historia+,322.0999999999999,182.0
181.0,2018.0,Spring,Monday,MAX+,213.20000000000007,197.0
182.0,2018.0,Spring,Monday,RDI+,904.1,260.0
183.0,2018.0,Spring,Monday,Series++,494.4,150.0
184.0,2018.0,Spring,Monday,Z+,258.4999999999998,210.0
185.0,2018.0,Spring,Monday,Teletoon Fr.+,910.8,402.0
186.0,2018.0,Spring,Monday,Canal D+,342.1999999999999,182.0
187.0,2018.0,Spring,Monday,VRAK+,90.29999999999993,161.0
188.0,2018.0,Spring,Monday,Unis TV+,126.49999999999991,350.0
189.0,2018.0,Spring,Monday,ARTV+,139.89999999999998,161.0
190.0,2018.0,Spring,Tuesday,V Total,666.6000000000003,156.0
191.0,2018.0,Spring,Tuesday,SRC Total,1736.1000000000001,296.0
192.0,2018.0,Spring,Tuesday,TVA Total,2993.199999999999,145.0
193.0,2018.0,Spring,Tuesday,TQ Total,895.3999999999996,319.0
194.0,2018.0,Spring,Tuesday,RDS+,88.80000000000001,103.0
195.0,2018.0,Spring,Tuesday,"MusiquePlus+ (retired Aug 25, 2019)",164.6999999999999,217.0
196.0,2018.0,Spring,Tuesday,Meteomedia+,20.399999999999995,72.0
197.0,2018.0,Spring,Tuesday,RDS2+,41.30000000000001,122.0
198.0,2018.0,Spring,Tuesday,LCN+,725.2,111.0
199.0,2018.0,Spring,Tuesday,TV5+,300.50000000000006,196.0
200.0,2018.0,Spring,Tuesday,Canal Vie+,502.4999999999998,180.0
201.0,2018.0,Spring,Tuesday,Evasion+,111.39999999999995,165.0
202.0,2018.0,Spring,Tuesday,Historia+,477.3000000000001,198.0
203.0,2018.0,Spring,Tuesday,MAX+,235.20000000000007,178.0
204.0,2018.0,Spring,Tuesday,RDI+,933.6000000000005,271.0
205.0,2018.0,Spring,Tuesday,Series++,687.6999999999999,150.0
206.0,2018.0,Spring,Tuesday,Z+,213.0,202.0
207.0,2018.0,Spring,Tuesday,Teletoon Fr.+,797.3000000000003,384.0
208.0,2018.0,Spring,Tuesday,Canal D+,298.8,165.0
209.0,2018.0,Spring,Tuesday,VRAK+,117.1999999999999,168.0
210.0,2018.0,Spring,Tuesday,Unis TV+,131.39999999999984,379.0
211.0,2018.0,Spring,Tuesday,ARTV+,194.89999999999992,166.0
212.0,2018.0,Spring,Wednesday,V Total,655.6999999999999,156.0
213.0,2018.0,Spring,Wednesday,SRC Total,1825.0000000000002,297.0
214.0,2018.0,Spring,Wednesday,TVA Total,3382.3,168.0
215.0,2018.0,Spring,Wednesday,TQ Total,911.4000000000003,323.0
216.0,2018.0,Spring,Wednesday,RDS+,82.19999999999999,106.0
217.0,2018.0,Spring,Wednesday,"MusiquePlus+ (retired Aug 25, 2019)",201.0,188.0
218.0,2018.0,Spring,Wednesday,Meteomedia+,24.999999999999996,72.0
219.0,2018.0,Spring,Wednesday,RDS2+,97.39999999999995,130.0
220.0,2018.0,Spring,Wednesday,LCN+,725.0000000000003,110.0
221.0,2018.0,Spring,Wednesday,TV5+,311.3,215.0
222.0,2018.0,Spring,Wednesday,Canal Vie+,412.09999999999997,180.0
223.0,2018.0,Spring,Wednesday,Evasion+,105.39999999999998,162.0
224.0,2018.0,Spring,Wednesday,Historia+,380.99999999999983,234.0
225.0,2018.0,Spring,Wednesday,MAX+,188.89999999999998,181.0
226.0,2018.0,Spring,Wednesday,RDI+,1076.199999999999,282.0
227.0,2018.0,Spring,Wednesday,Series++,617.9999999999999,144.0
228.0,2018.0,Spring,Wednesday,Z+,247.7,214.0
229.0,2018.0,Spring,Wednesday,Teletoon Fr.+,794.3999999999995,384.0
230.0,2018.0,Spring,Wednesday,Canal D+,297.1999999999999,180.0
231.0,2018.0,Spring,Wednesday,VRAK+,98.0,180.0
232.0,2018.0,Spring,Wednesday,Unis TV+,100.59999999999998,361.0
233.0,2018.0,Spring,Wednesday,ARTV+,196.19999999999993,178.0
234.0,2018.0,Spring,Thursday,V Total,745.5999999999998,156.0
235.0,2018.0,Spring,Thursday,SRC Total,1844.5999999999983,292.0
236.0,2018.0,Spring,Thursday,TVA Total,2837.5999999999995,149.0
237.0,2018.0,Spring,Thursday,TQ Total,761.5000000000005,317.0
238.0,2018.0,Spring,Thursday,RDS+,112.20000000000006,112.0
239.0,2018.0,Spring,Thursday,"MusiquePlus+ (retired Aug 25, 2019)",194.49999999999994,189.0
240.0,2018.0,Spring,Thursday,Meteomedia+,46.800000000000004,72.0
241.0,2018.0,Spring,Thursday,RDS2+,96.39999999999999,125.0
242.0,2018.0,Spring,Thursday,LCN+,740.1999999999998,111.0
243.0,2018.0,Spring,Thursday,TV5+,305.5,207.0
244.0,2018.0,Spring,Thursday,Canal Vie+,535.6999999999998,191.0
245.0,2018.0,Spring,Thursday,Evasion+,107.89999999999993,172.0
246.0,2018.0,Spring,Thursday,Historia+,388.50000000000006,210.0
247.0,2018.0,Spring,Thursday,MAX+,236.29999999999995,185.0
248.0,2018.0,Spring,Thursday,RDI+,952.3999999999999,268.0
249.0,2018.0,Spring,Thursday,Series++,455.7000000000004,162.0
250.0,2018.0,Spring,Thursday,Z+,196.89999999999992,197.0
251.0,2018.0,Spring,Thursday,Teletoon Fr.+,791.5000000000002,384.0
252.0,2018.0,Spring,Thursday,Canal D+,376.9999999999999,179.0
253.0,2018.0,Spring,Thursday,VRAK+,113.59999999999998,168.0
254.0,2018.0,Spring,Thursday,Unis TV+,119.29999999999998,326.0
255.0,2018.0,Spring,Thursday,ARTV+,207.59999999999997,168.0
256.0,2018.0,Spring,Friday,V Total,669.1999999999998,152.0
257.0,2018.0,Spring,Friday,SRC Total,1495.1000000000004,294.0
258.0,2018.0,Spring,Friday,TVA Total,3096.6000000000004,148.0
259.0,2018.0,Spring,Friday,TQ Total,967.9000000000002,351.0
260.0,2018.0,Spring,Friday,RDS+,87.3,119.0
261.0,2018.0,Spring,Friday,"MusiquePlus+ (retired Aug 25, 2019)",148.19999999999996,203.0
262.0,2018.0,Spring,Friday,Meteomedia+,26.10000000000001,72.0
263.0,2018.0,Spring,Friday,RDS2+,69.39999999999998,126.0
264.0,2018.0,Spring,Friday,LCN+,587.1999999999998,99.0
265.0,2018.0,Spring,Friday,TV5+,303.8000000000002,199.0
266.0,2018.0,Spring,Friday,Canal Vie+,474.9,194.0
267.0,2018.0,Spring,Friday,Evasion+,95.09999999999998,166.0
268.0,2018.0,Spring,Friday,Historia+,452.29999999999995,218.0
269.0,2018.0,Spring,Friday,MAX+,227.1,183.0
270.0,2018.0,Spring,Friday,RDI+,903.6,279.0
271.0,2018.0,Spring,Friday,Series++,439.3999999999999,144.0
272.0,2018.0,Spring,Friday,Z+,194.2,214.0
273.0,2018.0,Spring,Friday,Teletoon Fr.+,864.5000000000001,373.0
274.0,2018.0,Spring,Friday,Canal D+,294.89999999999986,165.0
275.0,2018.0,Spring,Friday,VRAK+,116.4,162.0
276.0,2018.0,Spring,Friday,Unis TV+,145.3999999999998,366.0
277.0,2018.0,Spring,Friday,ARTV+,186.20000000000002,162.0
278.0,2018.0,Spring,Saturday,V Total,425.5,119.0
279.0,2018.0,Spring,Saturday,SRC Total,1960.2000000000007,340.0
280.0,2018.0,Spring,Saturday,TVA Total,2363.9,135.0
281.0,2018.0,Spring,Saturday,TQ Total,1288.2999999999997,301.0
282.0,2018.0,Spring,Saturday,RDS+,125.69999999999996,110.0
283.0,2018.0,Spring,Saturday,"MusiquePlus+ (retired Aug 25, 2019)",107.60000000000001,192.0
284.0,2018.0,Spring,Saturday,Meteomedia+,19.0,72.0
285.0,2018.0,Spring,Saturday,RDS2+,83.79999999999997,137.0
286.0,2018.0,Spring,Saturday,LCN+,734.9999999999999,150.0
287.0,2018.0,Spring,Saturday,TV5+,208.29999999999995,189.0
288.0,2018.0,Spring,Saturday,Canal Vie+,440.6000000000001,207.0
289.0,2018.0,Spring,Saturday,Evasion+,129.69999999999993,168.0
290.0,2018.0,Spring,Saturday,Historia+,692.6999999999998,254.0
291.0,2018.0,Spring,Saturday,MAX+,224.79999999999995,136.0
292.0,2018.0,Spring,Saturday,RDI+,876.0000000000007,265.0
293.0,2018.0,Spring,Saturday,Series++,386.99999999999994,150.0
294.0,2018.0,Spring,Saturday,Z+,206.90000000000006,210.0
295.0,2018.0,Spring,Saturday,Teletoon Fr.+,935.5999999999996,394.0
296.0,2018.0,Spring,Saturday,Canal D+,384.8999999999999,180.0
297.0,2018.0,Spring,Saturday,VRAK+,69.49999999999999,135.0
298.0,2018.0,Spring,Saturday,Unis TV+,114.7,293.0
299.0,2018.0,Spring,Saturday,ARTV+,84.99999999999996,178.0
300.0,2018.0,Spring,Sunday,V Total,499.5999999999998,134.0
301.0,2018.0,Spring,Sunday,SRC Total,1984.9999999999984,298.0
302.0,2018.0,Spring,Sunday,TVA Total,2721.399999999999,135.0
303.0,2018.0,Spring,Sunday,TQ Total,1092.3999999999992,280.0
304.0,2018.0,Spring,Sunday,RDS+,178.70000000000005,105.0
305.0,2018.0,Spring,Sunday,"MusiquePlus+ (retired Aug 25, 2019)",132.1,220.0
306.0,2018.0,Spring,Sunday,Meteomedia+,15.499999999999998,72.0
307.0,2018.0,Spring,Sunday,RDS2+,69.30000000000003,83.0
308.0,2018.0,Spring,Sunday,LCN+,564.1,157.0
309.0,2018.0,Spring,Sunday,TV5+,204.59999999999994,198.0
310.0,2018.0,Spring,Sunday,Canal Vie+,573.3999999999997,215.0
311.0,2018.0,Spring,Sunday,Evasion+,120.90000000000008,152.0
312.0,2018.0,Spring,Sunday,Historia+,311.29999999999995,183.0
313.0,2018.0,Spring,Sunday,MAX+,163.19999999999993,159.0
314.0,2018.0,Spring,Sunday,RDI+,678.4999999999994,258.0
315.0,2018.0,Spring,Sunday,Series++,396.2999999999999,150.0
316.0,2018.0,Spring,Sunday,Z+,205.69999999999985,202.0
317.0,2018.0,Spring,Sunday,Teletoon Fr.+,1178.2999999999995,408.0
318.0,2018.0,Spring,Sunday,Canal D+,472.49999999999994,183.0
319.0,2018.0,Spring,Sunday,VRAK+,83.39999999999999,152.0
320.0,2018.0,Spring,Sunday,Unis TV+,138.89999999999986,306.0
321.0,2018.0,Spring,Sunday,ARTV+,92.30000000000004,151.0
322.0,2018.0,Summer,Monday,V Total,1507.6000000000004,388.0
323.0,2018.0,Summer,Monday,SRC Total,3797.8000000000034,602.0
324.0,2018.0,Summer,Monday,TVA Total,7622.900000000005,376.0
325.0,2018.0,Summer,Monday,TQ Total,2085.6999999999985,637.0
326.0,2018.0,Summer,Monday,RDS+,356.0000000000001,214.0
327.0,2018.0,Summer,Monday,"MusiquePlus+ (retired Aug 25, 2019)",375.5,400.0
328.0,2018.0,Summer,Monday,Meteomedia+,75.0,156.0
329.0,2018.0,Summer,Monday,RDS2+,108.9999999999999,317.0
330.0,2018.0,Summer,Monday,LCN+,1444.0999999999985,235.0
331.0,2018.0,Summer,Monday,TV5+,667.4000000000009,452.0
332.0,2018.0,Summer,Monday,Canal Vie+,732.7000000000003,379.0
333.0,2018.0,Summer,Monday,Evasion+,158.19999999999987,350.0
334.0,2018.0,Summer,Monday,Historia+,695.3000000000001,464.0
335.0,2018.0,Summer,Monday,MAX+,506.49999999999994,402.0
336.0,2018.0,Summer,Monday,RDI+,2325.400000000001,582.0
337.0,2018.0,Summer,Monday,Series++,1183.3999999999985,324.0
338.0,2018.0,Summer,Monday,Z+,429.3000000000002,470.0
339.0,2018.0,Summer,Monday,Teletoon Fr.+,1690.4,814.0
340.0,2018.0,Summer,Monday,Canal D+,882.5,416.0
341.0,2018.0,Summer,Monday,VRAK+,211.39999999999986,302.0
342.0,2018.0,Summer,Monday,Unis TV+,294.59999999999957,659.0
343.0,2018.0,Summer,Monday,ARTV+,387.90000000000003,357.0
344.0,2018.0,Summer,Tuesday,V Total,1470.7999999999993,372.0
345.0,2018.0,Summer,Tuesday,SRC Total,4018.999999999997,611.0
346.0,2018.0,Summer,Tuesday,TVA Total,7132.700000000006,335.0
347.0,2018.0,Summer,Tuesday,TQ Total,2048.300000000001,689.0
348.0,2018.0,Summer,Tuesday,RDS+,367.3000000000001,234.0
349.0,2018.0,Summer,Tuesday,"MusiquePlus+ (retired Aug 25, 2019)",386.19999999999993,424.0
350.0,2018.0,Summer,Tuesday,Meteomedia+,82.20000000000003,156.0
351.0,2018.0,Summer,Tuesday,RDS2+,131.09999999999994,313.0
352.0,2018.0,Summer,Tuesday,LCN+,1398.9999999999995,231.0
353.0,2018.0,Summer,Tuesday,TV5+,594.6000000000004,469.0
354.0,2018.0,Summer,Tuesday,Canal Vie+,658.8999999999996,390.0
355.0,2018.0,Summer,Tuesday,Evasion+,209.40000000000003,375.0
356.0,2018.0,Summer,Tuesday,Historia+,782.6000000000007,407.0
357.0,2018.0,Summer,Tuesday,MAX+,551.0,398.0
358.0,2018.0,Summer,Tuesday,RDI+,2315.7000000000003,602.0
359.0,2018.0,Summer,Tuesday,Series++,1416.6999999999998,322.0
360.0,2018.0,Summer,Tuesday,Z+,498.49999999999983,396.0
361.0,2018.0,Summer,Tuesday,Teletoon Fr.+,1620.5000000000002,774.0
362.0,2018.0,Summer,Tuesday,Canal D+,791.1999999999995,413.0
363.0,2018.0,Summer,Tuesday,VRAK+,224.0999999999998,315.0
364.0,2018.0,Summer,Tuesday,Unis TV+,334.20000000000044,710.0
365.0,2018.0,Summer,Tuesday,ARTV+,471.80000000000007,363.0
366.0,2018.0,Summer,Wednesday,V Total,1495.6999999999996,365.0
367.0,2018.0,Summer,Wednesday,SRC Total,4194.800000000002,623.0
368.0,2018.0,Summer,Wednesday,TVA Total,7681.400000000005,368.0
369.0,2018.0,Summer,Wednesday,TQ Total,1976.5,675.0
370.0,2018.0,Summer,Wednesday,RDS+,371.6,239.0
371.0,2018.0,Summer,Wednesday,"MusiquePlus+ (retired Aug 25, 2019)",430.80000000000047,374.0
372.0,2018.0,Summer,Wednesday,Meteomedia+,87.10000000000002,156.0
373.0,2018.0,Summer,Wednesday,RDS2+,140.0999999999999,315.0
374.0,2018.0,Summer,Wednesday,LCN+,1382.4999999999995,228.0
375.0,2018.0,Summer,Wednesday,TV5+,679.4000000000002,456.0
376.0,2018.0,Summer,Wednesday,Canal Vie+,764.7999999999997,399.0
377.0,2018.0,Summer,Wednesday,Evasion+,205.99999999999994,388.0
378.0,2018.0,Summer,Wednesday,Historia+,775.9999999999993,381.0
379.0,2018.0,Summer,Wednesday,MAX+,597.3000000000003,320.0
380.0,2018.0,Summer,Wednesday,RDI+,2201.9,619.0
381.0,2018.0,Summer,Wednesday,Series++,1269.3,312.0
382.0,2018.0,Summer,Wednesday,Z+,410.10000000000014,417.0
383.0,2018.0,Summer,Wednesday,Teletoon Fr.+,1829.0000000000018,774.0
384.0,2018.0,Summer,Wednesday,Canal D+,588.6999999999995,386.0
385.0,2018.0,Summer,Wednesday,VRAK+,241.49999999999974,319.0
386.0,2018.0,Summer,Wednesday,Unis TV+,281.89999999999986,689.0
387.0,2018.0,Summer,Wednesday,ARTV+,504.79999999999984,376.0
388.0,2018.0,Summer,Thursday,V Total,1495.2000000000007,368.0
389.0,2018.0,Summer,Thursday,SRC Total,3575.1999999999985,614.0
390.0,2018.0,Summer,Thursday,TVA Total,6536.099999999997,313.0
391.0,2018.0,Summer,Thursday,TQ Total,1752.899999999999,693.0
392.0,2018.0,Summer,Thursday,RDS+,289.79999999999984,213.0
393.0,2018.0,Summer,Thursday,"MusiquePlus+ (retired Aug 25, 2019)",404.7000000000001,376.0
394.0,2018.0,Summer,Thursday,Meteomedia+,79.59999999999995,156.0
395.0,2018.0,Summer,Thursday,RDS2+,131.09999999999997,307.0
396.0,2018.0,Summer,Thursday,LCN+,1510.6000000000006,224.0
397.0,2018.0,Summer,Thursday,TV5+,645.1999999999999,456.0
398.0,2018.0,Summer,Thursday,Canal Vie+,791.9000000000009,398.0
399.0,2018.0,Summer,Thursday,Evasion+,219.09999999999985,388.0
400.0,2018.0,Summer,Thursday,Historia+,706.5999999999996,448.0
401.0,2018.0,Summer,Thursday,MAX+,668.3000000000001,328.0
402.0,2018.0,Summer,Thursday,RDI+,2274.900000000002,611.0
403.0,2018.0,Summer,Thursday,Series++,951.7999999999996,319.0
404.0,2018.0,Summer,Thursday,Z+,385.3,410.0
405.0,2018.0,Summer,Thursday,Teletoon Fr.+,1646.199999999997,779.0
406.0,2018.0,Summer,Thursday,Canal D+,777.6000000000001,387.0
407.0,2018.0,Summer,Thursday,VRAK+,213.09999999999988,329.0
408.0,2018.0,Summer,Thursday,Unis TV+,325.6999999999998,618.0
409.0,2018.0,Summer,Thursday,ARTV+,534.5999999999996,377.0
410.0,2018.0,Summer,Friday,V Total,1620.2000000000003,365.0
411.0,2018.0,Summer,Friday,SRC Total,3054.7,585.0
412.0,2018.0,Summer,Friday,TVA Total,6454.199999999996,319.0
413.0,2018.0,Summer,Friday,TQ Total,2050.5,729.0
414.0,2018.0,Summer,Friday,RDS+,371.09999999999997,218.0
415.0,2018.0,Summer,Friday,"MusiquePlus+ (retired Aug 25, 2019)",356.0999999999999,406.0
416.0,2018.0,Summer,Friday,Meteomedia+,55.099999999999994,156.0
417.0,2018.0,Summer,Friday,RDS2+,138.79999999999984,293.0
418.0,2018.0,Summer,Friday,LCN+,1519.9000000000005,242.0
419.0,2018.0,Summer,Friday,TV5+,614.7000000000002,455.0
420.0,2018.0,Summer,Friday,Canal Vie+,743.5000000000006,405.0
421.0,2018.0,Summer,Friday,Evasion+,156.09999999999982,377.0
422.0,2018.0,Summer,Friday,Historia+,711.0000000000001,441.0
423.0,2018.0,Summer,Friday,MAX+,427.00000000000017,285.0
424.0,2018.0,Summer,Friday,RDI+,2452.3000000000006,608.0
425.0,2018.0,Summer,Friday,Series++,1245.4000000000005,312.0
426.0,2018.0,Summer,Friday,Z+,475.5000000000002,487.0
427.0,2018.0,Summer,Friday,Teletoon Fr.+,1619.1000000000001,771.0
428.0,2018.0,Summer,Friday,Canal D+,722.9999999999994,371.0
429.0,2018.0,Summer,Friday,VRAK+,208.99999999999994,331.0
430.0,2018.0,Summer,Friday,Unis TV+,331.90000000000003,686.0
431.0,2018.0,Summer,Friday,ARTV+,470.5000000000001,351.0
432.0,2018.0,Summer,Saturday,V Total,862.3000000000004,300.0
433.0,2018.0,Summer,Saturday,SRC Total,3827.4000000000037,711.0
434.0,2018.0,Summer,Saturday,TVA Total,4996.2,296.0
435.0,2018.0,Summer,Saturday,TQ Total,2895.499999999999,651.0
436.0,2018.0,Summer,Saturday,RDS+,605.1999999999997,229.0
437.0,2018.0,Summer,Saturday,"MusiquePlus+ (retired Aug 25, 2019)",248.99999999999974,401.0
438.0,2018.0,Summer,Saturday,Meteomedia+,53.39999999999997,156.0
439.0,2018.0,Summer,Saturday,RDS2+,204.39999999999995,242.0
440.0,2018.0,Summer,Saturday,LCN+,1680.0000000000011,327.0
441.0,2018.0,Summer,Saturday,TV5+,529.2,427.0
442.0,2018.0,Summer,Saturday,Canal Vie+,943.0000000000001,477.0
443.0,2018.0,Summer,Saturday,Evasion+,233.0999999999999,389.0
444.0,2018.0,Summer,Saturday,Historia+,665.3000000000005,384.0
445.0,2018.0,Summer,Saturday,MAX+,541.2000000000004,325.0
446.0,2018.0,Summer,Saturday,RDI+,2068.800000000001,595.0
447.0,2018.0,Summer,Saturday,Series++,1085.5999999999997,303.0
448.0,2018.0,Summer,Saturday,Z+,377.7000000000001,424.0
449.0,2018.0,Summer,Saturday,Teletoon Fr.+,1711.600000000001,896.0
450.0,2018.0,Summer,Saturday,Canal D+,944.5000000000005,441.0
451.0,2018.0,Summer,Saturday,VRAK+,168.6999999999999,307.0
452.0,2018.0,Summer,Saturday,Unis TV+,313.79999999999984,603.0
453.0,2018.0,Summer,Saturday,ARTV+,370.70000000000005,367.0
454.0,2018.0,Summer,Sunday,V Total,1070.0000000000002,294.0
455.0,2018.0,Summer,Sunday,SRC Total,4496.100000000003,641.0
456.0,2018.0,Summer,Sunday,TVA Total,4377.700000000002,259.0
457.0,2018.0,Summer,Sunday,TQ Total,2377.2999999999984,577.0
458.0,2018.0,Summer,Sunday,RDS+,668.5000000000006,224.0
459.0,2018.0,Summer,Sunday,"MusiquePlus+ (retired Aug 25, 2019)",382.7,405.0
460.0,2018.0,Summer,Sunday,Meteomedia+,81.70000000000002,156.0
461.0,2018.0,Summer,Sunday,RDS2+,226.59999999999988,240.0
462.0,2018.0,Summer,Sunday,LCN+,1560.9000000000003,329.0
463.0,2018.0,Summer,Sunday,TV5+,472.5999999999999,462.0
464.0,2018.0,Summer,Sunday,Canal Vie+,867.4000000000002,457.0
465.0,2018.0,Summer,Sunday,Evasion+,229.59999999999977,364.0
466.0,2018.0,Summer,Sunday,Historia+,692.3999999999995,453.0
467.0,2018.0,Summer,Sunday,MAX+,389.09999999999997,322.0
468.0,2018.0,Summer,Sunday,RDI+,2007.0000000000018,576.0
469.0,2018.0,Summer,Sunday,Series++,910.7,314.0
470.0,2018.0,Summer,Sunday,Z+,414.8999999999997,439.0
471.0,2018.0,Summer,Sunday,Teletoon Fr.+,1598.999999999999,877.0
472.0,2018.0,Summer,Sunday,Canal D+,1151.6000000000001,424.0
473.0,2018.0,Summer,Sunday,VRAK+,91.90000000000002,351.0
474.0,2018.0,Summer,Sunday,Unis TV+,168.39999999999975,604.0
475.0,2018.0,Summer,Sunday,ARTV+,270.69999999999993,344.0
476.0,2018.0,Fall,Monday,V Total,1840.9000000000008,490.0
477.0,2018.0,Fall,Monday,SRC Total,6251.300000000012,801.0
478.0,2018.0,Fall,Monday,TVA Total,9008.699999999997,425.0
479.0,2018.0,Fall,Monday,TQ Total,2135.0999999999976,860.0
480.0,2018.0,Fall,Monday,RDS+,601.1000000000003,261.0
481.0,2018.0,Fall,Monday,"MusiquePlus+ (retired Aug 25, 2019)",495.79999999999995,480.0
482.0,2018.0,Fall,Monday,Meteomedia+,95.09999999999998,192.0
483.0,2018.0,Fall,Monday,RDS2+,132.09999999999985,301.0
484.0,2018.0,Fall,Monday,LCN+,1622.4000000000005,278.0
485.0,2018.0,Fall,Monday,TV5+,797.6000000000007,558.0
486.0,2018.0,Fall,Monday,Canal Vie+,680.5000000000002,462.0
487.0,2018.0,Fall,Monday,Evasion+,208.19999999999993,415.0
488.0,2018.0,Fall,Monday,Historia+,765.3000000000002,501.0
489.0,2018.0,Fall,Monday,MAX+,590.3000000000001,404.0
490.0,2018.0,Fall,Monday,RDI+,3066.900000000003,741.0
491.0,2018.0,Fall,Monday,Series++,1973.399999999999,416.0
492.0,2018.0,Fall,Monday,Z+,792.4,596.0
493.0,2018.0,Fall,Monday,Teletoon Fr.+,1381.2000000000003,1030.0
494.0,2018.0,Fall,Monday,Canal D+,1074.6000000000008,537.0
495.0,2018.0,Fall,Monday,VRAK+,240.8999999999998,438.0
496.0,2018.0,Fall,Monday,Unis TV+,224.69999999999968,697.0
497.0,2018.0,Fall,Monday,ARTV+,444.5999999999999,423.0
498.0,2018.0,Fall,Tuesday,V Total,1854.3000000000015,479.0
499.0,2018.0,Fall,Tuesday,SRC Total,6195.7999999999965,822.0
500.0,2018.0,Fall,Tuesday,TVA Total,9063.199999999995,421.0
501.0,2018.0,Fall,Tuesday,TQ Total,2076.1,890.0
502.0,2018.0,Fall,Tuesday,RDS+,709.9000000000004,263.0
503.0,2018.0,Fall,Tuesday,"MusiquePlus+ (retired Aug 25, 2019)",455.1000000000006,529.0
504.0,2018.0,Fall,Tuesday,Meteomedia+,96.89999999999992,192.0
505.0,2018.0,Fall,Tuesday,RDS2+,173.39999999999998,405.0
506.0,2018.0,Fall,Tuesday,LCN+,1622.7000000000012,268.0
507.0,2018.0,Fall,Tuesday,TV5+,725.2000000000004,546.0
508.0,2018.0,Fall,Tuesday,Canal Vie+,707.8999999999997,465.0
509.0,2018.0,Fall,Tuesday,Evasion+,173.5999999999999,421.0
510.0,2018.0,Fall,Tuesday,Historia+,1003.7999999999994,476.0
511.0,2018.0,Fall,Tuesday,MAX+,647.8000000000003,410.0
512.0,2018.0,Fall,Tuesday,RDI+,3088.3000000000015,737.0
513.0,2018.0,Fall,Tuesday,Series++,1862.7999999999993,400.0
514.0,2018.0,Fall,Tuesday,Z+,685.7000000000006,499.0
515.0,2018.0,Fall,Tuesday,Teletoon Fr.+,1323.6999999999994,1056.0
516.0,2018.0,Fall,Tuesday,Canal D+,935.1000000000006,446.0
517.0,2018.0,Fall,Tuesday,VRAK+,272.29999999999995,475.0
518.0,2018.0,Fall,Tuesday,Unis TV+,199.19999999999973,698.0
519.0,2018.0,Fall,Tuesday,ARTV+,576.0999999999998,421.0
520.0,2018.0,Fall,Wednesday,V Total,1737.4999999999993,482.0
521.0,2018.0,Fall,Wednesday,SRC Total,6386.200000000004,814.0
522.0,2018.0,Fall,Wednesday,TVA Total,8754.8,414.0
523.0,2018.0,Fall,Wednesday,TQ Total,2022.6999999999998,890.0
524.0,2018.0,Fall,Wednesday,RDS+,548.1999999999999,276.0
525.0,2018.0,Fall,Wednesday,"MusiquePlus+ (retired Aug 25, 2019)",456.4,528.0
526.0,2018.0,Fall,Wednesday,Meteomedia+,96.50000000000001,192.0
527.0,2018.0,Fall,Wednesday,RDS2+,149.09999999999985,373.0
528.0,2018.0,Fall,Wednesday,LCN+,1694.2,279.0
529.0,2018.0,Fall,Wednesday,TV5+,800.9,567.0
530.0,2018.0,Fall,Wednesday,Canal Vie+,858.8000000000006,500.0
531.0,2018.0,Fall,Wednesday,Evasion+,184.39999999999992,416.0
532.0,2018.0,Fall,Wednesday,Historia+,1483.7999999999993,542.0
533.0,2018.0,Fall,Wednesday,MAX+,972.6000000000006,401.0
534.0,2018.0,Fall,Wednesday,RDI+,3131.0999999999985,734.0
535.0,2018.0,Fall,Wednesday,Series++,1762.3000000000004,416.0
536.0,2018.0,Fall,Wednesday,Z+,497.30000000000047,522.0
537.0,2018.0,Fall,Wednesday,Teletoon Fr.+,1464.8000000000009,1054.0
538.0,2018.0,Fall,Wednesday,Canal D+,1053.9,484.0
539.0,2018.0,Fall,Wednesday,VRAK+,236.29999999999973,460.0
540.0,2018.0,Fall,Wednesday,Unis TV+,254.2999999999995,686.0
541.0,2018.0,Fall,Wednesday,ARTV+,569.5000000000001,420.0
542.0,2018.0,Fall,Thursday,V Total,1715.0999999999995,465.0
543.0,2018.0,Fall,Thursday,SRC Total,5960.199999999998,866.0
544.0,2018.0,Fall,Thursday,TVA Total,8787.300000000005,414.0
545.0,2018.0,Fall,Thursday,TQ Total,2135.999999999999,896.0
546.0,2018.0,Fall,Thursday,RDS+,798.2000000000002,273.0
547.0,2018.0,Fall,Thursday,"MusiquePlus+ (retired Aug 25, 2019)",425.2,527.0
548.0,2018.0,Fall,Thursday,Meteomedia+,73.30000000000005,192.0
549.0,2018.0,Fall,Thursday,RDS2+,228.59999999999985,404.0
550.0,2018.0,Fall,Thursday,LCN+,1732.8000000000009,274.0
551.0,2018.0,Fall,Thursday,TV5+,751.2999999999996,565.0
552.0,2018.0,Fall,Thursday,Canal Vie+,853.2000000000002,473.0
553.0,2018.0,Fall,Thursday,Evasion+,208.79999999999976,429.0
554.0,2018.0,Fall,Thursday,Historia+,660.2,428.0
555.0,2018.0,Fall,Thursday,MAX+,756.6000000000007,388.0
556.0,2018.0,Fall,Thursday,RDI+,3407.8000000000047,712.0
557.0,2018.0,Fall,Thursday,Series++,1779.1000000000001,407.0
558.0,2018.0,Fall,Thursday,Z+,645.7000000000004,563.0
559.0,2018.0,Fall,Thursday,Teletoon Fr.+,1667.8999999999994,1053.0
560.0,2018.0,Fall,Thursday,Canal D+,1151.5000000000005,469.0
561.0,2018.0,Fall,Thursday,VRAK+,355.90000000000026,417.0
562.0,2018.0,Fall,Thursday,Unis TV+,212.1999999999994,691.0
563.0,2018.0,Fall,Thursday,ARTV+,528.6000000000001,373.0
564.0,2018.0,Fall,Friday,V Total,1741.1,465.0
565.0,2018.0,Fall,Friday,SRC Total,5065.400000000011,847.0
566.0,2018.0,Fall,Friday,TVA Total,8959.399999999994,411.0
567.0,2018.0,Fall,Friday,TQ Total,2255.7999999999993,848.0
568.0,2018.0,Fall,Friday,RDS+,503.6,291.0
569.0,2018.0,Fall,Friday,"MusiquePlus+ (retired Aug 25, 2019)",594.1000000000003,562.0
570.0,2018.0,Fall,Friday,Meteomedia+,90.50000000000014,192.0
571.0,2018.0,Fall,Friday,RDS2+,167.89999999999984,380.0
572.0,2018.0,Fall,Friday,LCN+,1723.6999999999987,278.0
573.0,2018.0,Fall,Friday,TV5+,772.699999999999,583.0
574.0,2018.0,Fall,Friday,Canal Vie+,981.5000000000001,513.0
575.0,2018.0,Fall,Friday,Evasion+,219.29999999999973,428.0
576.0,2018.0,Fall,Friday,Historia+,666.9999999999997,497.0
577.0,2018.0,Fall,Friday,MAX+,639.8000000000002,374.0
578.0,2018.0,Fall,Friday,RDI+,3299.799999999999,783.0
579.0,2018.0,Fall,Friday,Series++,1480.900000000001,400.0
580.0,2018.0,Fall,Friday,Z+,658.4000000000001,561.0
581.0,2018.0,Fall,Friday,Teletoon Fr.+,1733.1999999999991,1060.0
582.0,2018.0,Fall,Friday,Canal D+,1091.4999999999984,442.0
583.0,2018.0,Fall,Friday,VRAK+,282.09999999999985,403.0
584.0,2018.0,Fall,Friday,Unis TV+,286.4,737.0
585.0,2018.0,Fall,Friday,ARTV+,507.1999999999998,417.0
586.0,2018.0,Fall,Saturday,V Total,955.0999999999998,313.0
587.0,2018.0,Fall,Saturday,SRC Total,5415.100000000003,852.0
588.0,2018.0,Fall,Saturday,TVA Total,5747.099999999999,340.0
589.0,2018.0,Fall,Saturday,TQ Total,3139.5000000000023,761.0
590.0,2018.0,Fall,Saturday,RDS+,632.3,315.0
591.0,2018.0,Fall,Saturday,"MusiquePlus+ (retired Aug 25, 2019)",596.4000000000003,487.0
592.0,2018.0,Fall,Saturday,Meteomedia+,67.49999999999997,192.0
593.0,2018.0,Fall,Saturday,RDS2+,192.39999999999995,320.0
594.0,2018.0,Fall,Saturday,LCN+,1940.7999999999997,399.0
595.0,2018.0,Fall,Saturday,TV5+,721.9000000000001,560.0
596.0,2018.0,Fall,Saturday,Canal Vie+,788.8000000000008,521.0
597.0,2018.0,Fall,Saturday,Evasion+,212.69999999999973,415.0
598.0,2018.0,Fall,Saturday,Historia+,686.4000000000002,507.0
599.0,2018.0,Fall,Saturday,MAX+,680.5000000000002,392.0
600.0,2018.0,Fall,Saturday,RDI+,2408.800000000001,746.0
601.0,2018.0,Fall,Saturday,Series++,1313.400000000001,397.0
602.0,2018.0,Fall,Saturday,Z+,770.0999999999999,568.0
603.0,2018.0,Fall,Saturday,Teletoon Fr.+,1668.1000000000017,1115.0
604.0,2018.0,Fall,Saturday,Canal D+,1527.2999999999993,547.0
605.0,2018.0,Fall,Saturday,VRAK+,162.39999999999972,453.0
606.0,2018.0,Fall,Saturday,Unis TV+,401.50000000000045,683.0
607.0,2018.0,Fall,Saturday,ARTV+,357.79999999999995,364.0
608.0,2018.0,Fall,Sunday,V Total,1582.2,368.0
609.0,2018.0,Fall,Sunday,SRC Total,5252.400000000003,661.0
610.0,2018.0,Fall,Sunday,TVA Total,6838.4,350.0
611.0,2018.0,Fall,Sunday,TQ Total,2803.300000000004,724.0
612.0,2018.0,Fall,Sunday,RDS+,761.7999999999998,315.0
613.0,2018.0,Fall,Sunday,"MusiquePlus+ (retired Aug 25, 2019)",588.1000000000004,437.0
614.0,2018.0,Fall,Sunday,Meteomedia+,67.10000000000001,192.0
615.0,2018.0,Fall,Sunday,RDS2+,278.4,274.0
616.0,2018.0,Fall,Sunday,LCN+,1617.4999999999995,417.0
617.0,2018.0,Fall,Sunday,TV5+,664.4000000000001,573.0
618.0,2018.0,Fall,Sunday,Canal Vie+,1072.1000000000001,616.0
619.0,2018.0,Fall,Sunday,Evasion+,285.1999999999998,415.0
620.0,2018.0,Fall,Sunday,Historia+,804.5999999999999,496.0
621.0,2018.0,Fall,Sunday,MAX+,452.99999999999994,317.0
622.0,2018.0,Fall,Sunday,RDI+,1951.9000000000005,719.0
623.0,2018.0,Fall,Sunday,Series++,1260.2999999999993,400.0
624.0,2018.0,Fall,Sunday,Z+,496.49999999999994,497.0
625.0,2018.0,Fall,Sunday,Teletoon Fr.+,1341.6000000000015,1094.0
626.0,2018.0,Fall,Sunday,Canal D+,1289.8000000000027,456.0
627.0,2018.0,Fall,Sunday,VRAK+,153.89999999999992,399.0
628.0,2018.0,Fall,Sunday,Unis TV+,233.89999999999964,690.0
629.0,2018.0,Fall,Sunday,ARTV+,277.5999999999999,408.0
